text,expected_intent,retrieved_intent,intent_match,similarity_score,historical_reply
. feature request: when playing a playlist or album have a position indicator maybe dots or a bar under album art thx luv u,Feature_Request,Feature_Request,True,0.9999999999999999,@194236 We can see how that’d be useful! Suggest it in our Community where you can get support from other fans: https://t.co/WgY7GXI7jf /JN
"ok 20 msgs, 10 customer serv reps, 6 weeks later, you still havent taken care of my hacked account nor successfully transfer my hacked account to my new account like you promised, includ. my Premium membership. You’d think you’d want to take my money at the very least",Account_Security,Account_Security,True,0.9999999999999999,"@126139 Hey Jessie! Don't worry, our Accounts team is currently looking into your case. If there's anything at all that we can help with, just send us a DM. We'll see what we can do /KT"
hi! why isn't there a spotify app for Windows Surface 2? the web player doesn't work :( very disappointing :((,App_Technical,App_Technical,True,1.0000000000000004,"@219804 2: it in our Community at https://t.co/rtDvYZOF32 and get support from other users. For anything else, just give us a shout /MU"
"I'm still waiting, I pay my m9nwy and no help from you guys, wth am I paying for???? I want a refund now!!!!!!!",Payment_Refund,Payment_Refund,True,1.0000000000000002,@654633 Hi Anitra! Apologies for the delay. We've just sent you a bit more info over DM. We'll carry on helping out there /CP
music. Only once I got an error that said i couldn't add a song to my queue. Now the option just doesn't exist (2/2,App_Technical,Music_Content,False,1.0000000000000004,@519156 Hmm. Can you DM us a screenshot of what you're seeing? We'll see what we can suggest /YM https://t.co/ldFdZRiNAt
"I am having trouble logging in to my account. I can't login with FB, my email or anything. I have a premium account.",Login_Issue,Login_Issue,True,1.0,@741938 Hey! We've just sent you a DM. Check your inbox /RH
"my family member got kicked off my plan, and we're getting errors when we type in our address to get him back on.Can you help?",Family_Student_Plan,Family_Student_Plan,True,1.0,"@534666 Hey Emily, help's here! Can you DM us yours and your family member's email addresses and usernames? We'll get to the bottom of this 🙂 /CG https://t.co/ldFdZRiNAt"
fuck you and your piece of shit shuffle feature,Playback_Issue,Playback_Issue,True,1.0,@570898 Hi Bryan! We’ve recently made some improvements to our shuffle algorithm. We’d love to hear your feedback here: https://t.co/T3vZnSL3od /DR
why are entire albums that were just released on Spotify less than two weeks ago now suddenly saying they are unavailable? Same goes with others that have been on there for years that won't play now. Why even list them?,Playback_Issue,Playback_Issue,True,1.0,@494825 Hey Kurt! Can you send us the Album Links? Just tap the three dots &gt; Share &gt; Copy Link. What country is your account set to? We'll check things out /AY
How is taking up so much room? I delete and redownload bi-weekly. I don't have any offline downloads either. ☹️ #1stWorldProblems,Downloads_Offline,Downloads_Offline,True,0.9999999999999998,"@586234 Hey Aaron, thanks for the screenshot! Can you DM us your account's email address so we can take a closer look backstage? /RR https://t.co/ldFdZRiNAt"
"I have a premium account but I want the student discount, but I currently pay with iDeal, and when I want to activate the student deal, I have to fill in my info for a creditcard. Why and is there a way I can pay with iDeal like I am doing now? #Netherlands #Spotify",Family_Student_Plan,Family_Student_Plan,True,1.0000000000000004,@393455 Hey Roxy! Can you DM us your account's username and email address? We'll take a look backstage /TF
hi! I just paid for my premium student account but i am still on free??! please fix that. i didnt even got an email but the money is already charged from my bank account,Family_Student_Plan,Premium_Subscription,False,1.0000000000000004,"@672810 Hey Paul, help's here! Can you send us your account's email address or username via DM? We'll take a look backstage /JE https://t.co/ldFdZRiNAt"
"Either my mobile (android) or desktop (windows 10). It doesnt respond when i click them, if i try shuffle i get ""this song is not available""",Playback_Issue,Playback_Issue,True,1.0,"@340652 Got it, thanks for the info. Does logging out &gt; restarting the device &gt; logging back in help? Keep us posted /TB"
help! Was exploring the family plan but then it was actually purchased!,Family_Student_Plan,Family_Student_Plan,True,1.0,@436128 We've just sent you a DM 🙂 /JX
I was charged for premium 3 days ago... It still shows I have a free account and dont have premium features... Please help. 🙏,Premium_Subscription,Premium_Subscription,True,1.0000000000000002,"@559149 Hi Rosa, help's arrived! Could you DM us your account's username and email address? We'll do some digging 🔍 /JQ https://t.co/ldFdZR1cbT"
"Hey, . . . So, it's 2017, and you guys have THE killer music-streaming app . . . So tell me how I can truly randomize a 300-song shuffle on a 300-song playlist on my mobile device? Come on. Impress me. I fucking DARE you.",Playback_Issue,Playback_Issue,True,1.0000000000000002,@768363 Hi there! We’ve recently made some improvements to our shuffle algorithm. We’d love to hear your feedback here: https://t.co/T3vZnSL3od /DV
all my saved music has been deleted for the second time in 2 weeks. Why is this happening? Can’t listen offline.,Downloads_Offline,Downloads_Offline,True,1.0,"@346858 Hey, that's not cool! Can you DM us your account's username or email address? We'll see what's happening backstage /JM https://t.co/ldFdZRiNAt"
I'd like a refund,Payment_Refund,Payment_Refund,True,1.0,@614458 Hi Sarah! Send us your account's email address and username via DM. We'll take a look under the hood /SC https://t.co/ldFdZRiNAt
Feature Request: Make it easy to separate singles from albums in new releases.,Feature_Request,Feature_Request,True,1.0,@699800 Hey Gary! That's a cool idea. Be sure to show your support by voting for it here: https://t.co/KMAm3jVSTW /PY
"Hello, i signed up to an existing Family plan, but my account dont upgrade...",Family_Student_Plan,Family_Student_Plan,True,1.0000000000000002,@559034 Hey Igor! Can you DM us your username and the Family plan owner's email address? We'll take a look backstage /LO https://t.co/ldFdZRiNAt
can you add a feature so I can block certain artists from my music feed? Like I never wanna hear the craptastic or ever again and ive been thumbing them down since signing up. #stopshittymusic,Feature_Request,Music_Content,False,1.0000000000000004,"@278994 Hey Jennifer! We don't have any info on this right now, but we'll let the right team know it's something you'd like to see /FR"
Thanks. Did Webchat and they sorted it. I'd been hacked.,Account_Security,Account_Security,True,0.9999999999999997,@408318 Okay. Glad to hear the situation is being handled for you. Feel free to send a tweet our way if you need help with anything else /JI
Am I the only one that has been charged twice this month by Spotify?,Payment_Refund,Payment_Refund,True,1.0,"@452217 We don't have any info on this right now. If you ever need anything else, just shout and we'll come running 🏃 /KL"
you should add a functionality: sort tracks by bpm. #asap,Feature_Request,Feature_Request,True,1.0,@770622 Hey there! This sounds like a great idea. You can show your support for this here: https://t.co/7qXM7TUxUt /CE
"I paid for a premium family plan, all the other accounts are working but my account does not receive the premium features. My account username is sarimr_12. Please help with this issue.",Family_Student_Plan,Family_Student_Plan,True,1.0,"@760804 Hey Sarim! We can confirm that ""sarimr_12"" is part of a Premium for Family plan. Can you send us a screenshot of your account profile as it appears on the app showing your username? Just go to Your Library and tap on the upper left corner icon. We'll take a closer look /CH"
is there a reason why you only accept Unidays and not for your student discount?,Family_Student_Plan,Family_Student_Plan,True,1.0,"@267843 Hi there! We’re afraid that we don’t have any info to share about this. For now, we’d recommend using UNiDAYS at https://t.co/ZCWeItTUhj to get the student discount. Let us know if you need a hand getting set up /FJ"
"feature request: bluetooth pair w/ treadmill, adjust treadmill speed to my current song's BPM so I can always run to the beat. Playlists automatically become curated workouts",Feature_Request,Feature_Request,True,0.9999999999999992,"@670749 Hey Daniel, this sounds like a great idea! Suggest it in our Community at https://t.co/rtDvYZOF32 and get support from other users /BH"
Hey i suscribed to Spotify Premium with the Student discount but i still don't have SpotifyPremium activated on my account,Family_Student_Plan,Family_Student_Plan,True,1.0,@433219 Hey there! Could you DM us your account's username and email address? We'll take a look backstage /DF https://t.co/ldFdZRiNAt
is there a way to know if I’m adding a duplicate song within a folder of music?,Music_Content,Music_Content,True,1.0000000000000002,"@796169 Hey Jael! You should be prompted if the song's already in your playlist and give you the option to ""Skip Duplicate"" or ""Add Anyway"". Hope this helps. If you have any other questions, just give us a shout 🙂 /KC"
"What the hell, Canada?! I want to listen to some older albums at work, and it turns out a bunch of them are missing/unplayable! Users have confirmed they're available on Spotify USA. HE'S. CANADIAN. I'M. CANADIAN. Ugh, I hate this licensing crap.",Music_Content,Music_Content,True,0.9999999999999998,"@818248 Hey there! You're right, this should be due to licensing or legal issues. Hopefully we'll have them available again soon. Check this out: https://t.co/1dgftcFtzc /AR"
hey someone else has been in my account but i changed the PW so np but i was already premium but not anymore whats going on?,Account_Security,Account_Security,True,1.0000000000000002,"@498545 Hey, help's here! Can you send us your account's username or email address via DM? We'll take a look /PL https://t.co/ldFdZRiNAt"
My account has been hacked and I'm locked out of both resetting my password and changing my email address. Any help you can offer?,Account_Security,Account_Security,True,0.9999999999999999,@741148 Hey Brandon! We've just sent a DM your way. Let's carry on chatting there /AN
the app keeps deleting offline/saved songs off of my phone with no warning. I have plenty of space on it. Samsung S6 Edge.,Downloads_Offline,Downloads_Offline,True,1.0,@399663 Hey! Sorry to hear that. Check out the steps under “Downloads unexpectedly removed” at https://t.co/38J7tFlIBF /RC
"I just got kicked off my family plan and can’t get back on it. Every time I put in the confirmation, “something went wrong”",Family_Student_Plan,Family_Student_Plan,True,1.0,"@216506 Hey there, we're here to help. Can you DM us the accounts' email addresses? We'll check backstage /AC https://t.co/ldFdZRiNAt"
have been charged twice $9.99 for a personal account when I want a family account for $14.99. Can you fix this...acct Cervelott,Payment_Refund,Payment_Refund,True,1.0000000000000002,@136859 Hi David! We've just sent a DM your way. Let's carry on chatting there /AU
Maintenance? We can't login. 🙁,Login_Issue,Login_Issue,True,1.0,"@514269 Hey! Don't worry, we're on it. Our developers are looking into this, and we'll keep everyone updated /DF"
can y’all put Beyoncé’s lemonade album on Spotify already 🤦🏻‍♀️,Music_Content,Music_Content,True,1.0,"@798417 Hey Nat! We're working on it, and we hope to have it available soon. There's more info here: https://t.co/WI0fi3V8Cu. Let us know if there's anything else you need 🙂 /KC"
Hey you should add music videos to your repertoire,Music_Content,Music_Content,True,1.0,"@475850 Hey Lyndsay! We appreciate your feedback, and we'll be sure to let our devs know this is something you'd like to see /LM"
shuffle is broken. on playlists the app will play 10-20 songs off the same two albums if possible then switches to two other albums. doesn’t feel random at all when a large playlist with dozens of albums only shuffles through 2 at a time.,Playback_Issue,Playback_Issue,True,1.0000000000000007,"@789473 Hey, help's here! Can you let us know the device, OS, and Spotify version you're running? We'll see what we can suggest /DB"
"hey I wanted to cancel my subscription cause I can't afford it on my student budget, but instead y'all deactivated my account? I was hoping to start a family plan in January ;-;",Family_Student_Plan,Family_Student_Plan,True,1.0,@665894 Hey! Help's arrived. Can you DM us your account's email address or username? We'll take a look backstage /DD https://t.co/ldFdZRiNAt
Hulu says it cannot authorize my spotify account when trying to sign for the student premium deal. Need help,Family_Student_Plan,Family_Student_Plan,True,1.0,"@600134 Hi Chris. Don't worry, help's here. Can you DM us your username or email address so we can take a look? /JU https://t.co/ldFdZRiNAt"
"have Premium for Family. Trying to set up daughter's profile, redeem code not working. Have resent invite twice. Please advise",Family_Student_Plan,Premium_Subscription,False,1.0,"@590152 Hey Rae, help's here. Could you fire over your accounts' email addresses or usernames via DM? We'll take a look behind the scenes /AY https://t.co/ldFdZR1cbT"
Microsoft is promoting their Music Pass Costumers to Spotify but you're Mobile App is Crashing after 10Minutes of use and is not up-to-date.,App_Technical,App_Technical,True,0.9999999999999999,@160018 1: The Spotify app on Windows Phone is currently in maintenance mode. There's some more info here: https://t.co/KSq4qse4dE.
"No, its just on pc that doesn't work. Reinstalled the app and cleared appdata folder, still not working",App_Technical,App_Technical,True,1.0,"@342831 Got it. Can you let us know the device, OS, and Spotify version you're using? We'll see what we can suggest /KL"
"Please add the ""explicit"" tag to the following song spotify:track:021txSheRym293iUdf6vPZ at 50 seconds in is the F word",Music_Content,Music_Content,True,1.0,"@576786 Hey, we hear you! To help make it happen, we’d recommend showing your support for the idea here: https://t.co/CdI1SXS9B4 /RB"
My premium account just expired and I only realized this when I got hit with an advertisement. I didn't get any warnings either - maybe because I'm not the administrator of my family account?? That should likely be fixed.,Premium_Subscription,Premium_Subscription,True,1.0,@298858 Hi Anuj! Help's here. Can you DM us your account's username or email address? We'll check things backstage /MU https://t.co/ldFdZRiNAt
Hey why does your app crash when I press play on any of my music??,App_Technical,App_Technical,True,1.0,"@665462 Hey there! Can you let us know your device, operating system, and Spotify version? We'll see what we can suggest /RC"
hi. My account appears to have been hacked. How do I resolve this issues?,Account_Security,Account_Security,True,1.0,@153724 @116130 Hi! We've just replied to your DM. We'll carry on helping there /MQ
hey I paid for the £99 for a year subscription however when I go to my account settings it still says I am going to be charged £9.99 each month whats going on..? I don't want to pay twice!,Payment_Refund,Payment_Refund,True,1.0000000000000002,"@262834 Hi there! Don't worry, we'll sort this out. Can you DM us your account's email address and username? We'll take a look backstage /NJ https://t.co/ldFdZRiNAt"
"dear could you PLEASE PLEASE add ""Independent"" by Uppermost to Spotify itself, thank you so much if you do that.",Music_Content,Feature_Request,False,1.0000000000000002,"@241626 Hey there! Fingers crossed we'll be able to have it soon, but there's info about Spotify content here: https://t.co/1dgftcFtzc /LO"
"Guys, I can't log in! The reset password page doesn't recognise my email, but says it is attached to an account",Login_Issue,Login_Issue,True,1.0,@362491 Hey Hattie! You should be able to reset your password now. Can you give it another shot? Let us know how that goes /TF
when i push “shuffle” i actually want you to shuffle my songs. don’t act like you know me like that.,Playback_Issue,Playback_Issue,True,1.0000000000000002,@398134 Hey Manda! We’ve recently made some improvements to our shuffle algorithm. We’d love to hear your feedback here: https://t.co/T3vZnSL3od /TF
Hey it'd be awesome if my account would not get hacked twice in three days 🖕.,Account_Security,Account_Security,True,1.0,@362017 Hey Caleb! Can you DM us your account's email address or username? We'll check backstage /AR https://t.co/ldFdZRiNAt
When will Harry’s cover of The Chain be put on Spotify I’m tired of waiting,Music_Content,Music_Content,True,1.0,"@178475 Hey Erin! Fingers crossed we'll be able to have it soon, but there's info about Spotify content here: https://t.co/0i8GpimuDa /NG"
I am unable to log in on your website. Pretty much everything i click on throws an error saying to many redirects. I have tried multiple browsers and cleared the cookies on them still no luck.,Login_Issue,Login_Issue,True,1.0,"@199970 Hey there! Don't worry, help's here. Can you let us know and device and operating system you're using? We'll see what we can suggest /MT"
so I went to try out the student discount for Hulu but they charged me even thought I didn’t sign up for it after all what’s going on??,Payment_Refund,Family_Student_Plan,False,1.0000000000000004,@662784 Hey! That doesn't sound good. Could you DM us your account's email address? We'll take a look backstage /AU https://t.co/ldFdZRiNAt
I am still being charged on my visa card even after I have cancelled the subscription. Please give me refund.,Payment_Refund,Payment_Refund,True,1.0000000000000002,@323527 Hey there! Can you DM us your account's username and email address? We'll take a look backstage /SY https://t.co/ldFdZRiNAt
It would be great if you could block artists from radio.,Feature_Request,Feature_Request,True,1.0,"@131527 Hey Amy, nice idea! It's definitely something for the team to consider and we'll make sure it reaches them /TF"
"Some albums won't play - it seems entirely random and I've tried on desktop and app, saving as well as downloading. It makes no sense.",Playback_Issue,Playback_Issue,True,1.0,"@339525 Got it. What device, operating system, and Spotify version are you using? We'll see what we can suggest /NG"
"please add a ""delete cache"" button...just had to uninstall app to free space on my phone!",Feature_Request,Feature_Request,True,1.0,@132802 We can see how that’d be useful! You can vote for the official idea here: https://t.co/fDfdWqd3CO 🙂 /CG
"why is the web player not working?? Keeps stopping randomly and won't play, driving me crazy 😤😤",Playback_Issue,Playback_Issue,True,1.0,"@289427 Hi Gloria, help's arrived! Can you let us know your device's operating system and browser version? We'll see what we can suggest /GT"
hey y'all can you please add tracks from blind guardian's nightfall on middle earth album to the might and myth: power metal playlist.,Music_Content,Feature_Request,False,1.0000000000000002,"@278000 Hi there! Fingers crossed we'll be able to have it soon, but there's info about Spotify content here: https://t.co/0i8GpimuDa. Let us know if you have any other questions /NY"
my app is not working,App_Technical,App_Technical,True,1.0000000000000002,"@789144 Hey Yomaris, help's here. Can you tell us more about what's happening? Also, what device, operating system, and Spotify version are you using? We'll see what we can suggest /AY"
Have you been hacked? Yes or No?,Account_Security,Account_Security,True,1.0000000000000002,"@220017 We understand how you feel about this. We can assure you that everything's okay with the system. If you could check your inbox for the DM we've sent, that'd be great /AY"
Hey my android version of the app randomly pauses on its own. Just thought I'd report the bug.,App_Technical,App_Technical,True,1.0000000000000002,"@542651 Hi! Don't worry, help's here. Can you let us know the device you're using along with the Android &amp; Spotify versions you have installed? /MT"
ill cant log in and when i try to chabge my password it says the code timed out,Login_Issue,Login_Issue,True,1.0000000000000002,@224053 Hey Tyler! Could you send us a DM with your account's email address? We'll take a look backstage /FR https://t.co/ldFdZRiNAt
"The only reason I pay for spotify is so I can listen to music offline, e.g. on the tube",Downloads_Offline,Downloads_Offline,True,1.0,"@457088 Thanks. Does the issue happen when downloading playlists, or just on this particular album? /AG"
"my friend signed up for premium, deducted the $4.99 but she’s still on the free account, it won’t let her go premium",Premium_Subscription,Premium_Subscription,True,1.0000000000000002,"@697059 Hey there, that's not cool! Could you DM us the account's username or email address of your friend? We'll take a look backstage /GU https://t.co/ldFdZRiNAt"
Please add Again-Bruno Mars,Music_Content,Feature_Request,False,1.0,"@548910 Hey Bryan! We’d love to have all of his stuff available, but we have some info about content here: https://t.co/0i8GpimuDa /JP"
I apologize for the confusion. I already have the web player downloaded. What I mean is there used to be add ons/apps within the app. One I recall was Pitchfork. I don't see them anymore. I'm trying to find ways to find music in other countries,Music_Content,Music_Content,True,1.0000000000000002,"@638926 Got it. We're afraid it's no longer available, but thanks for your feedback. We'll be sure to let the right team know it's something you'd like to see again. For anything else, just give us a shout 🙂 /MA"
help already storage location keeps changing and downloaded music is gone. No offline for me. Re-download every day?,Downloads_Offline,Downloads_Offline,True,1.0000000000000002,"@280287 Hi, sorry to hear that! Check out the steps under “Downloads unexpectedly removed” at https://t.co/38J7tFlIBF. They should help /DV"
put the new wdw ep on spotify come on,Music_Content,Music_Content,True,1.0000000000000002,@278581 Hey there! Can you DM us your account's email address? We'll take a look /RB https://t.co/ldFdZRiNAt
"Hey why when I shuffle my whole library, do I only get stuff I’ve listened to recently? All filters off, etc.",Playback_Issue,Playback_Issue,True,1.0000000000000002,"@78343 Hey Stuart! That doesn't sound cool. Just to check, does this happen when using Spotify Connect? /NH"
"Just an idea. On their birthday, your premium users can legally downloaded songs from one of their playlist. Not offline download",Feature_Request,Downloads_Offline,False,1.0000000000000002,"@289148 We hear you, but Spotify is a streaming service. We're afraid you won't be able to download and own the tracks yourself /CO"
"Why I can't login to my spotify account? The username & password right, but keep back to login again after that",Login_Issue,Login_Issue,True,1.0,@583895 Hey! The cavalry's here. Can you DM us your account's username or email address? We'll take a look under the hood /JS https://t.co/ldFdZRiNAt
"I created a Spotify account and have started paying for the premium package. However, I have forgotten my username and password and are unable to log in. I was wondering how I can cancel my payments? I can provide my bank details to possibly link it to my account",Login_Issue,Login_Issue,True,1.0000000000000002,@801268 Hey Harrison! Can you DM us your account's email address? We'll take a look backstage /SJ https://t.co/ldFdZRiNAt
"I switched to an Android recently, and everytime I use the app in tje background/another app it crashes! #helpme",App_Technical,App_Technical,True,1.0000000000000002,@554926 Hey there! Can you let us know what Android and Spotify versions you're running? We'll see what we can suggest /NS
put perfect velvet on spotify already I'm tired,Music_Content,Music_Content,True,1.0,"@738174 Hi there! We’d love to have all of Red Velvet's stuff available, but we have some info about content here: https://t.co/0i8GpimuDa. Let us know if you have any other questions /NY"
we can't log in,Login_Issue,Login_Issue,True,1.0,"@554624 Hi, help's here! Could you send us a DM with your account's email address or username? We'll take a look backstage /LO https://t.co/ldFdZRiNAt"
"can't login with my premium account on android system, says that experiencing problem",Login_Issue,Login_Issue,True,1.0,"@710884 Hi there! What's the exact device, Android, and Spotify app version you're using? We'll see what we can suggest /NJ"
"account hacked, cant log in, contact number please?",Account_Security,Account_Security,True,1.0000000000000002,"@393510 Hey, that's not cool. Can you DM us your account's email address? We'll take a look backstage /NY https://t.co/ldFdZRiNAt"
"I’m a family plan member, how come when my wife is on it boots me off? It never used to.",Family_Student_Plan,Family_Student_Plan,True,1.0000000000000002,@708715 Hey Chris! We'll help out. Can you DM us your account's email address? We'll take a look under the hood /AN https://t.co/ldFdZRiNAt
And this is not set offline,Downloads_Offline,Downloads_Offline,True,1.0,@422419 Thanks for the info. Can you try giving your iPhone a quick restart? Let us know if it make any difference /SY
"got a new phone, premium subscription is not working. Need fix",Premium_Subscription,Premium_Subscription,True,1.0,"@559762 Hey, that doesn't sound good. Can you DM us your account's email address or username? We'll check backstage /RK https://t.co/ldFdZRiNAt"
"hey i just paid for spotify premium but why my account still written ""free""",Premium_Subscription,Premium_Subscription,True,1.0000000000000002,@415419 Hey there! Can you DM us your account's email address or username? We'll check backstage /AR https://t.co/ldFdZRiNAt
add a feature where we can see our most played songs and artists pleeeasseeeeee,Feature_Request,Feature_Request,True,1.0000000000000002,"@185770 Hey Matt, we can see how that’d be useful! You can vote for the official idea here: https://t.co/2MDGCLPOX5 /TR"
"What's happening with your music in , ?? Your songs won't play anymore... 🙁",Playback_Issue,Playback_Issue,True,1.0000000000000002,"@409637 Hi Rich. Don't worry, help's here. Can you tell us exactly what goes on? We'll see what we can suggest /JU"
"Hey the app is crashing every time I try to share a playlist! Pixel, Android 8",App_Technical,App_Technical,True,1.0,"@546567 Don't worry, we're on it. Our developers are looking into this and we'll keep everyone updated. If you need us again, just shout 🙂 /MQ"
I have a free account w/ a long account name given by Spotify. On this account I have created multiple playlists. I want to purchase premium but am unable to access this free account (error mentions CRFA?). How do I get a new account and keep my playlists/history?,Premium_Subscription,Premium_Subscription,True,1.0,"@252771 Hi there! Can you DM us your account's email address or username, along with a screenshot of the error message you're getting? We'll take a look backstage /NQ https://t.co/ldFdZRiNAt"
why can't I activate the student discount?,Family_Student_Plan,Family_Student_Plan,True,1.0000000000000004,@600100 Hey Shawnie! Could you send us a DM with your account's email address? We'll take a look backstage /FR https://t.co/ldFdZRiNAt
- Yr App is killing my business. Keeps crashing/pple complaining/ music keeps stopping. Not happy😢😢😢,App_Technical,App_Technical,True,1.0000000000000002,"@664365 Hey Janelle! Don't worry, we're here to help. Can you let us know the device, operating system, and Spotify version you're using? /MT"
you charged me twice for a month's sub. you charged me student and regular. Please reverse the charges for the student sub. Not impressed.,Payment_Refund,Payment_Refund,True,1.0000000000000002,"@626615 Hey Steff, help's here! Could you send us a DM with your account's email address or username? We'll take a look backstage /CO https://t.co/ldFdZRiNAt"
Sweet. I e-mailed The swedish support two weeks ago but they haven't answered. I keep getting logged out from my account and can't log in without reinstalling the app. This deletes all my downloaded playlists. What can I do?,Login_Issue,Login_Issue,True,1.0,"@149095 Hmm, that doesn't sound good. Can you DM us your account's username or email address? We'll take a look backstage /DN https://t.co/ldFdZRiNAt"
I am trying to sign up for a new account. ios app or web browser (safari&chrome) wont work. help!,App_Technical,App_Technical,True,1.0,@552493 Hey Mike! Could you DM us the email address you're using to set up an account? We'll check things out /AY https://t.co/ldFdZRiNAt
my account (ccdap) has been hacked!,Account_Security,Account_Security,True,1.0,"@707604 Hey Charles, sorry to hear about that. Could you send us a DM with your account's email address? We'll check things out /AY https://t.co/ldFdZRiNAt"
"My premium account, suddenly turn in to a free account, I have paid but I just can't go back to premium! I think it is cause of my address",Premium_Subscription,Premium_Subscription,True,1.0000000000000007,@264904 Can you DM us your account's email address? We'll have a look backstage /ST https://t.co/ldFdZRiNAt
Hey I wanted to cancel my premium account but you already charged me before I wanted to cancel can I get a refund,Payment_Refund,Payment_Refund,True,1.0,@397349 Hi Gene! Could you send us a DM with your account's email address? We'll take a look backstage /DR
"someone hacked my account and I've lost my playlists, can I retrieve them?",Account_Security,Account_Security,True,1.0,@766745 Hi there! We’re sorry to hear that. Check out https://t.co/QHn3ok8y2n for what to do next /AK
the last version of Spotify on IPhone crashes often. It is getting annoying. When will there be an update with bug fixes?,App_Technical,App_Technical,True,1.0,"@812745 Hey, help's here! Can you let us know the device, OS, and Spotify version you're using? We'll see what we can suggest /JN"
. Can y’all consider adding a feature where i can type in song lyrics to find a song if i forget the name 🤔,Feature_Request,Music_Content,False,1.0000000000000007,@380212 This sounds like a great idea! Suggest it in our Community at https://t.co/rtDvYZOF32 and get support from other users /KM
my account is being hacked. I want to delete this asap. Someone is creating playlists. Please help!,Account_Security,Account_Security,True,1.0,@267089 Hi! We’re sorry to hear that. Check out https://t.co/QHn3ok8y2n for what to do next /AU
"hi, I'm on the previous iOS to the latest. Just updated Spotify and now it won't open. Have restarted the phone and app with no luck. Is this a bug? Best to update to latest iOS?",App_Technical,App_Technical,True,1.0,"@274167 Hey, that's not cool! Just to check, did the issue start happening since you've updated your iOS and Spotify app versions? Also, are you getting any specific error messages? Any screenshots would be a great help /JM"
got charged for premium but can’t listen to premium... can you please fix my problem I’m very sad.,Premium_Subscription,Payment_Refund,False,1.0000000000000002,"@590785 Hey there, help's here! Could you DM us your account's email address and username? We'll take a look backstage 🙂 /CG https://t.co/ldFdZRiNAt"
"my card was charged, but I still don't have premium",Premium_Subscription,Payment_Refund,False,1.0,"@554600 Hi Tafie, help's here! Could you send us a DM with your account's email address or username? We'll take a look backstage /LO https://t.co/ldFdZRiNAt"
"Hi , i can't login to my account, i want to reset my password and can't get the link on my email. Can you help me to check?",Login_Issue,Login_Issue,True,1.0000000000000002,@471802 Hi Ridha! Can you send us a DM with your username or email address? We'll take a look backstage /NH https://t.co/ldFdZRiNAt
stop charging me! Account cancelled months ago! How do I get a refund?,Payment_Refund,Payment_Refund,True,1.0,@814119 Hey Cheryl! Can you DM us your account's email address and username? We'll take a look backstage for you /KL https://t.co/ldFdZRiNAt
HELP! My account has been hacked and now the email address has been changed so I can’t reset the password.,Account_Security,Account_Security,True,1.0,"@696709 Hey Jonathon, help's here! Could you DM us your account's email address and username? We'll take a look backstage /CG https://t.co/ldFdZRiNAt"
"just received an email regarding my student premium membership, could you please check DMs? ☺️",Family_Student_Plan,Family_Student_Plan,True,1.0,@308568 Hey there! We've just replied to your DM. Check it out. We'll continue helping there /RE
"I don't have my facebook account linked to my spotify anymore, so now I can't log in. What can I do?",Login_Issue,Login_Issue,True,1.0,@664024 Hi there! Could you send us a DM with the email address on your Facebook account? We'll see what we can suggest /NJ https://t.co/ldFdZRiNAt
Now I've been charged for Student twice. I'm not a student. Please contact me. Thanks! 🌊🌊🌊,Payment_Refund,Payment_Refund,True,1.0,"@234227 Hey, help's here. Could you send us a DM with your account's email address and username? We'll check it out /JZ https://t.co/ldFdZRiNAt"
"I have a 2,000 song playlist on but I only hear about 30 of the same songs on shuffle.",Playback_Issue,Playback_Issue,True,1.0,@218686 Hey Jeff! Just to check does only this happen when using Connect? Let us know and we'll see what we can do /JP
Does anyone know how to contact ? Someone else is using my account even though I’ve repeatedly changed my password and email.,Account_Security,Account_Security,True,1.0,@681687 Hi Johnny! That doesn't sound good. Can you let us know your account's username or email address? We'll take a look under the hood /DN https://t.co/ldFdZRiNAt
i already paid in cash for my spotify premium but my account is still free.,Premium_Subscription,Premium_Subscription,True,1.0,@555613 Hey there! Can you DM us your account's email address or username? We'll take a look behind the scenes /AY https://t.co/ldFdZRiNAt
"Hi, I’ve just bought Spotify premium but I’ve received two receipts, does this mean I’ve been charged twice?",Payment_Refund,Payment_Refund,True,1.0,"@511352 Hey Shannon, help's here! Could you DM us with your account's email address and username? We'll take a look backstage /TB"
"Naka globe postpaid ako, mag spotify premium sana ako yung nadadagdag lang sa bill ko. Pwede ba yung student discount don? 65 per month.",Family_Student_Plan,Family_Student_Plan,True,1.0000000000000009,"@609322 Hey! We're afraid we don't have Filipino support, but we'd be happy to help in English. Can you DM us your account's email address? /JN https://t.co/ldFdZRiNAt"
"your adds are more compressed, hasher and alot louder than the music. Sort that out ya nearly blew my ears out and nt near full vol",App_Technical,Music_Content,False,1.0000000000000002,"@563422 Hey! Thanks for your feedback - we'll pass it on. For now, check out https://t.co/zgnxs5kPEu if you haven't had a subscription before /PL"
I can't remember my password/email I used on my phone and I made a premium account using my student discount. How do I recover it?,Login_Issue,Family_Student_Plan,False,1.0,"@612079 Hi Ashley, help's here! Can you DM us your account's username or email address? We'll take a look backstage /DV https://t.co/ldFdZRiNAt"
Android app asks to log on but when I try it says I'm set to offline. Then gets stuck in a loop. 7gb of downloads I need to access!,Downloads_Offline,Downloads_Offline,True,1.0000000000000002,@722997 Hey Richard! Help's here. Can you let us know the Android and Spotify versions you're running? We'll see what we can suggest /KM
your shuffle algorithm sucks please stop this madness and just shuffle my dang songs,Playback_Issue,Playback_Issue,True,1.0,@549882 Hey Colin! We’ve recently made some improvements to our shuffle algorithm. We’d love to hear your feedback here: https://t.co/T3vZnSL3od /AN
"your Mac based app is terrible, slow and constantly crashes. Latest updates have done nothing to improve it",App_Technical,App_Technical,True,1.0000000000000002,"@541522 Hey Chris, help's here. Can you let us know the exact OS X and Spotify versions you're using? We'll see what we can suggest /AY"
it says not available in offline mode ... its never done this before,Downloads_Offline,Downloads_Offline,True,1.0000000000000002,"@809660 Hey Scotty, what platform/device are you using the app on? Give a reinstall a go: http://t.co/XlUAjB8pdg /C"
I can't login to my Spotify acct thru the Groove app to move my music over. Checked the credentials on my phone too,Login_Issue,Login_Issue,True,1.0,@181049 2: https://t.co/Peyq1ETDeT. We'll be right here if you need help with anything else /MT
"hello , i signed up for student premium and it went thru but i was charged twice on my card",Payment_Refund,Payment_Refund,True,1.0000000000000002,@625889 Hey there! Can you DM us your account's email address or username? We'll take a look backstage /TJ https://t.co/ldFdZRiNAt
Hi I've been charged twice this month can you look into it for me?,Payment_Refund,Payment_Refund,True,1.0000000000000002,@403340 Hey there! Can you DM us your account's username or email address? We'll be happy to look into this /PL https://t.co/ldFdZRiNAt
"The app crashes everytime I try to share a song, then it restarts playing the previous song.",App_Technical,App_Technical,True,1.0,@181185 That doesn't sound right. Does logging out then back in again make any difference? /KM
Hey the App doesn't work since las update on November 29 on Adroid #OnePlus5T,App_Technical,App_Technical,True,1.0000000000000002,@230138 Hey! That doesn't sound right. Can you send us your device's exact Android and Spotify versions? We'll see what we can suggest /JP
Just subscribed for premium. Paid. Still only free account.,Premium_Subscription,Premium_Subscription,True,1.0,"@549377 Hey Alexander, help's here! Can you DM us your account's username and email address? We'll take a look backstage /KL https://t.co/ldFdZRiNAt"
I’ve sorted it now and cancelled but I want a refund because I haven’t used the account for about a year!,Payment_Refund,Payment_Refund,True,1.0000000000000002,"@576947 Send over your account's username or email address using the ""Send a Private Message"" button above. We'll take a look under the hood /QI"
Please add last.fm support for remote devices. Really shouldn't be that hard to implement from the backend.,Feature_Request,Feature_Request,True,1.0000000000000002,@340577 We can see how that’d be handy. Thanks for taking the time to reach out – your feedback's been noted 📝 /DF
pls help! Have paid for Premium sub via iTunes but app is not working. Have tried logging out/in & reinstalling to no avail :(,App_Technical,App_Technical,True,1.0000000000000002,"@546627 Hey Motley, that's not cool! Can you DM us your account's email address and username? We'll take a look backstage /JX https://t.co/ldFdZRiNAt"
"That works. I just miss the functionality to select ""shuffle"" when first opening a playlist, the way it used to be.",Playback_Issue,Playback_Issue,True,1.0,@278542 We understand. Could you DM us your account's email address or username? We'll take a look behind the scenes /JE https://t.co/ldFdZRiNAt
i know im offline but how exactly am i supposed to connect online when i try to log in n ur msg keeps tellin me to connect online?,Login_Issue,Downloads_Offline,False,1.0000000000000007,"@411837 Hey Joe! Can you let us know what device, operating system, and Spotify version you're using? We'll see what we can suggest /KC"
Could you please add Apple Safari support for the Web Player?,Feature_Request,Feature_Request,True,1.0,"@358679 Hey Nico, thanks for reaching out! We'll make sure this gets passed on to the relevant folks 🙂 /DB"
"hello, may I please get a refund? I cancelled your services and never meant for a premium subscription, thank you!",Payment_Refund,Payment_Refund,True,1.0000000000000004,"@244744 Hey there, help's here! Can you DM us your account's email address and username? We'll take a look backstage /CG https://t.co/ldFdZRiNAt"
"Hi, I can't login on android. App keeps telling me the device is offline. When I press""connect"", nothing happens. Please help",Login_Issue,Downloads_Offline,False,1.0,@191231 Hi there! Help's here. Can you try restarting your device to see if it makes a difference? Keep us posted /MU
"hi, do you happen to have any input on whether you'll put End Game (from Taylor Swift's reputation) on Spotify seperately from the album when it gets released as a single?",Music_Content,Music_Content,True,1.0000000000000002,"@806969 Hey Mark! We’ll have it available to you as soon as it’s available to us! For now, check out the singles: https://t.co/3h0TnPWP0c. Keep rocking 🤘 /TI"
"someone else is using my account/changing music and I've tried everything to stop it, please help asap it's scary af",Account_Security,Account_Security,True,1.0,@494086 Hi there! We've just replied to your DM. Check it out /DB
I can't log in and your website requires me to be logged in to submit a query via your contact form.,Login_Issue,Login_Issue,True,1.0,@601733 Hi there! We'd like to know what's going on. Can you DM us your username or email address? We'll take a look under the hood /NH https://t.co/ldFdZRiNAt
Is your service currently offline?,App_Technical,Downloads_Offline,False,1.0000000000000002,"@807640 Hi there, thanks for bearing with us. Spotify should be working perfectly again! /CE"
hey please add a #macOS notification for when a new song starts like what does,Feature_Request,Music_Content,False,1.0,@276182 Thanks for your suggestion! We'll let our devs know it's something you'd like to see. We'd also recommend showing your support for the official idea here: https://t.co/jJwr9PwxeT /LP
my 2 week premium has expired and it won’t let me upgrade to premium again how can resolve this problem ?,Premium_Subscription,Premium_Subscription,True,0.9999999999999999,@639512 Hi Bob! The cavalry's here. Could you DM us your account's email address? We'll take a look backstage /AU https://t.co/ldFdZRiNAt
please fix ur bug which doesn't allow me to shuffle anything when on 4g 🙃,Playback_Issue,Playback_Issue,True,1.0000000000000002,"@554932 Hey Rhia! What device, operating system, and Spotify version is this happening on? Are you able to shuffle when connected through WiFi? /AY"
"Hey I submitted a subscription for your 3 months for $9.99 and the form said it didn't go through, but my bank says otherwise! I open spotify and still HAVE NO PREMIUM! What gives?!?",Premium_Subscription,Premium_Subscription,True,1.0,"@287982 Hey Williams, help has arrived! Could you send us a DM with your account's email address? We'll take a look backstage /RK https://t.co/ldFdZRiNAt"
"Hmm, that's the second time my android Spotify has forgotten half of the tracks I've downloaded for offline. What gives?",Downloads_Offline,Downloads_Offline,True,1.0000000000000002,@450954 Hey Jon! Can you let us know what's happening exactly? We'll see what we can suggest /PL
"Please please please add Seo Taiji's Album ""Ultramania"" on spotify!!! did I say please?",Music_Content,Feature_Request,False,0.9999999999999997,@199391 Hey there! Licensing agreements can affect music availability. Hopefully we'll have it available soon /RS
what’s wrong with your app.. songs keep crashing and skipping #spotify,App_Technical,App_Technical,True,1.0000000000000002,@178110 Hey Becky! That's not cool. Does logging out &gt; restarting the device &gt; logging back in help? Keep us posted /CG
been hacked need some help,Account_Security,Account_Security,True,1.0,@336430 Hi! We've just sent you a bit more info over DM /JN
accidentally refunded the payment&now I cant login on my spotify but I have payment transferred. Do I get my ac automatically🔙,Login_Issue,Login_Issue,True,1.0000000000000004,@661049 Hey! We've just replied to your DM. Check it out. We'll carry on helping you there /MC
mobile feature request - how about the possibility for folder creation on app just like full/web app. ^RJ,Feature_Request,Feature_Request,True,1.0,@724399 Hey RJ! Add your vote to this idea to let our devs know it's something you'd like to see: https://t.co/zzzKsfRoPA /SY
"Could you please add newest album New Wave to the new release list. Not seeing it at all sadly, its a great album",Music_Content,Feature_Request,False,1.0,@533715 2: recommendations become. We'd suggest listening to awesome tunes and following more artists you like /JE
Hey - is it possible to ACTUALLY shuffle music rather than just mix the 30/40 songs surrounding the one I selected?,Playback_Issue,Playback_Issue,True,1.0000000000000002,@581931 Hi Mike. We’ve made some improvements to our shuffle algorithm. We’d love to hear your feedback here: https://t.co/T3vZnSL3od /JU
hi I’m supposed to have premium account till next year but it’s not working.. help yo girl out please and thank you,Premium_Subscription,Premium_Subscription,True,1.0000000000000004,@362712 We've just sent you a DM 🙂 /SU
could you please add these 2 songs by Logic (5 AM — Man of the year) thank you,Music_Content,Feature_Request,False,1.0000000000000004,@554701 Hey! We’ll have them available to you as soon as it’s available to us. There's info about Spotify content here: https://t.co/0i8GpimuDa /AN
credit card hacked called you and reported Oct 23 still charging my card need support chatted w/ Mark R,Account_Security,Account_Security,True,1.0000000000000004,@804698 Hi Janet. help's here! We've just replied to your DM. Check it out /JP
but I cannot recover my library. Please help. Don’t think I was hacked as password and email were not changed.,App_Technical,Account_Security,False,1.0,@354795 Hi there! Can you DM us your account's email address? We'll take a look backstage /NY https://t.co/ldFdZRiNAt
"Hi, wondering if you can tell me why all my downloaded albums and playlists stop being available offline when I haven't listened for awhile? Thanks.",Downloads_Offline,Downloads_Offline,True,1.0000000000000004,"@787071 Hey, sorry to hear that. Check out the steps under “Downloads unexpectedly removed” at https://t.co/38J7tFlIBF. They should help with this. Let us know if there's anything else we can help with /AY"
and i have to restart the whole app then i press shuffle play it said you need premium to play the music,Playback_Issue,Playback_Issue,True,1.0,@350185 Thanks for all the info. Could you give these steps a try: https://t.co/EqisDMwZAT? Let us know if that makes any difference /NJ
"Add the Benny Benassi remix of ""Pretty Girls"" by wale, weensey from backyard and gucci mane. Can't live without this song it's the most unforgettable song in Project X",Music_Content,Music_Content,True,1.0000000000000009,"@560992 Hi Robbie! Fingers crossed we'll be able to have it soon, but there's info about Spotify content here: https://t.co/0i8GpimuDa /NY"
why my hacked Spotify is doing this?,Account_Security,Account_Security,True,1.0,@397725 Hey! What’s happening exactly? Can you let us know the device/OS and Spotify version you’re using? We'll see what we can suggest /CO
Just purchased the premium family plan but can't invite family members. Why is this complicated?,Family_Student_Plan,Family_Student_Plan,True,1.0000000000000002,"@458065 Hey Marc! Sorry to hear that. Don't worry, we're here to help. Could you send us the email addresses of the members you're trying to add via DM? We'll check things backstage /CP https://t.co/ldFdZRiNAt"
"Hi there, I can't play none of Beck song for some reason. It works on my hubby's account. Why...?",Playback_Issue,Playback_Issue,True,1.0000000000000002,"@402827 Hey, help's here! Can you let us know the device, OS, and Spotify version you're using? We'll see what we can suggest /RV"
downloaded the desktop EXE version of the app and it started downloading files to my phone immediately after I added my music in,App_Technical,Music_Content,False,1.0,@445236 Hey! Thanks for letting us know - we'll get this reported. Give us a shout if you need anything else /CO
"New to Can someone tell me how to turn OFF that ($!#/) shuffle play Play one song, remove the suggested songs. Ready 2 delete",Playback_Issue,Playback_Issue,True,1.0000000000000004,@596589 Hey! The cavalry's here. Can you DM us your account's username or email address? We'll take a look under the hood /JS https://t.co/ldFdZRiNAt
Can i avail this on top of my premium subscription? Mine will expire on march 2018 i guess 😞,Premium_Subscription,Premium_Subscription,True,1.0,@802061 Hi there. Can you DM us your account's email address or username? We'll take a look under the hood /XF https://t.co/ldFdZRiNAt
I have a student premium acct. and for the past 2 months ive been charged full price and have not had access to hulu nor could i find a solution on the community forums/pages,Family_Student_Plan,Family_Student_Plan,True,1.0000000000000002,"@155530 Hey Andrew, we're here to help! Could you DM us your account's username and email address? We'll take a look backstage /BX https://t.co/ldFdZRiNAt"
make a setting where in Offline mode you only see downloaded albums. Saved albums are useless to me when im in offline mode!,Feature_Request,Downloads_Offline,False,1.0000000000000002,@206138 Hey Duncan! Can you DM us your account's username or email address? We'll take a look backstage /PL https://t.co/ldFdZRiNAt
Can't log in and don't have time to navigate that nightmare of a help center to find a point of external communication WYA?,Login_Issue,Login_Issue,True,1.0000000000000004,@532309 Hey Alice! We're here to help. Can you DM us your account's email address? We'll take a look under the hood /AN https://t.co/ldFdZRiNAt
. Please could you help? None of my music will play and it’s set to “offline” I listen to my music on the go all the time and have never had this problem. It’s just stopped becoming available. Has my music just...un-downloaded itself? 😞,Downloads_Offline,Downloads_Offline,True,1.0,"@800445 Hey Kaysha, sorry to hear that. Check out the steps under “Downloads unexpectedly removed” at https://t.co/38J7tFlIBF. They should help with this. Let us know if there's anything else /AY"
. why is my student subscription not working for Hulu?,Family_Student_Plan,Premium_Subscription,False,1.0000000000000002,@612722 Hey! What's happening exactly? Can you also DM us your account's username or email address? We'll check things out for you /YM https://t.co/ldFdZRiNAt
it's 2017 why do I have a 3333 offline song limit on my spotify? Do you really want to get that 9.99 a month off me? Ps pls emulate their local files synching.,Downloads_Offline,Downloads_Offline,True,1.0000000000000002,"@144986 Hey Ben! Right now, there's a download limit of 3,333 tracks on 3 separate devices. We have more info here: https://t.co/WDXVuJV0dh /NS"
"Streaming isn’t working, for ex. I can’t listen to any of the xx. And all my offline playlist disappeared.",Downloads_Offline,Downloads_Offline,True,1.0000000000000002,@436840 Thanks. Can you DM us your account's username or email address? We'll take a look backstage /JP https://t.co/ldFdZRiNAt
can you please add to your #WomenOfPop Playlist?,Music_Content,Feature_Request,False,1.0,"@585005 Hey Brittania! Our Curation team are independent &amp; use taste, data, and trends to create playlists, but we’ll pass on your suggestion /JP"
the app won't let me share links to songs? The app just crashes when I use the share option,App_Technical,App_Technical,True,1.0000000000000004,"@302060 Hey Dojo, help's here! Can you let us know your device, operating system, and Spotify version? We'll check under the hood /JP"
where is your Apple Watch app. I really don't want to cancel and subscribe to Apple Music but need offline playlists on the watch.,Feature_Request,Downloads_Offline,False,1.0,@285879 2: let our devs know it's something you'd like to see: https://t.co/SEK4E4gi22 /CP
Hi - where might I find the ‘shuffle entire library’ button?,Playback_Issue,Playback_Issue,True,1.0000000000000002,@710749 Hey Noah! This sounds like a great feature! You can add your support to a similar idea here: https://t.co/4AnYWCNAi4 🙂 /NG
My premium account has become inactive sadly. It won't let me do anything. Go to a free account update or anything,Premium_Subscription,Premium_Subscription,True,1.0000000000000004,@226668 Thanks. Can you DM us your account's username or email address? We'll take a look under the hood /PK https://t.co/ldFdZRiNAt
i still haven't heard reputation can they put it on spotify pls,Music_Content,Music_Content,True,1.0,"@725677 Hey! Taylor Swift's 'Reputation' isn't available to stream just yet – stay tuned. For now, check out the singles: https://t.co/3h0TnPWP0c /CX"
can you please fix ur desktop app it keeps crashing,App_Technical,App_Technical,True,1.0000000000000004,@401559 Hey there! Can you let us know the operating system and Spotify version you're using? We'll see what we can suggest /RH
I was double charged for Spotify Premium. How do I fix this?,Payment_Refund,Payment_Refund,True,1.0,"@616106 Hey Paulie, help's here! Can you DM us your account's username and email address? We'll take a look backstage /KL https://t.co/ldFdZRiNAt"
"Am subscribed to Spotify premium, tried to play music today it says I only have a free account. No notification. Why?",Premium_Subscription,Premium_Subscription,True,1.0000000000000002,@505037 Hey Nick! Could you send us a DM with your account's email address? We'll take a look backstage /FR https://t.co/ldFdZRiNAt
"My Spotify was hacked a short while ago. Now my BELOVED ""Discover Weekly"" is screwed and useless :-/ Can I get your help to reset it?",Account_Security,Account_Security,True,0.9999999999999999,"@639479 Hi Kalle, help's here! Can you DM us your account's email address? We'll take a look backstage /DV https://t.co/ldFdZRiNAt"
swiping to queue rarely ever works in offline mode (been like this forever ),Downloads_Offline,Downloads_Offline,True,1.0,"@511586 Hi Joshua, help's here! Can you let us know your phone's OS and Spotify versions? We'll see what we can suggest /DV"
I have been charged twice for the same month of premium,Payment_Refund,Payment_Refund,True,1.0,@392478 Hi! We've just sent you a bit more info over DM. We'll carry on helping out there 🙂 /MG
yo you should add this song to your new music friday playlist 😉💛,Music_Content,Music_Content,True,1.0,@338375 2: Check out https://t.co/6BMOmfiZvQ to help you gain visibility /K
"Hi I subscribed to premium but I can not use it, use the university account and they already charged me but I really wanted the normal premium account, which is what I have to do to recover my money and pay the normal premium.",Payment_Refund,Payment_Refund,True,1.0000000000000002,@555941 Hey Alberto! Can you DM us your account's username and email address? We'll take a look backstage /JL https://t.co/ldFdZRiNAt
"hi! I live in Porto, Portugal, and I cant log in my account, it keeps saying that I'm in a diferent country, I don't know why",Login_Issue,Login_Issue,True,1.0,@348614 Hey there! Can you DM us your account's email address? We'll take a look under the hood /QI https://t.co/ldFdZRiNAt
Same. I wish Spotify had a calendar view of when new albums come out for artists you follow.,Feature_Request,Feature_Request,True,1.0,@166518 This sounds like a great idea! Suggest it in our Community at https://t.co/rtDvYZOF32 and get support from other users /JN
"Online when I'm connected to the Internet, when I press connect it just doesn't respond so I can't log in. Thanks!",Login_Issue,Login_Issue,True,1.0,@615691 Hey there! Help's here. Can you DM us your account's email address or username? We'll take a look backstage /PB https://t.co/ldFdZRiNAt
you guys should add the Art of podcast to your library!! PLEASE!,Music_Content,Feature_Request,False,1.0000000000000002,@462952 Hey there! We’re working hard with rights holders to get more of the best content on the service. Stay tuned /AK
"I am getting a message that my payment information failed, but I signed up for the family plan with my wife and my account...",Family_Student_Plan,Family_Student_Plan,True,1.0000000000000004,@368611 Hey there! Can you DM us your account's email address or username? We'll take a look backstage /RH https://t.co/ldFdZRiNAt
"and BTW, you'll even benefit a lot if you'll put up GOT7's song on Spotify cause they have a bajillion of fans (called AHGASES) WORLDWIDE, so basically more ppl will tune in to Spotify cause of them. 💚 Just sayin' yknow 🤔😉 #GOT7onSpotify",Music_Content,Music_Content,True,1.0000000000000002,@248107 Hi! We've replied to your DM. Check your inbox /LM
upgraded my family to premium. But now everyone but me gets it. I’m signed in through Facebook and it’s not working,Family_Student_Plan,Premium_Subscription,False,1.0000000000000002,"@465170 Hi Heather, help's here! Can you DM us your account's email address? We'll take a look backstage /JR https://t.co/ldFdZRiNAt"
"none of those answers are appropriate, its a bug ive seen many complain about. so i just have to reinstall & re save every 2 months? cool.",App_Technical,App_Technical,True,1.0000000000000002,"@196865 We're sorry to hear that. Just to check, have your tried removing your list of offline devices, then doing a quick reinstall? /PB"
upgraded to premium and it still says I have a free account. Fix?,Premium_Subscription,Premium_Subscription,True,1.0,@558430 Hey there! Could you send us a DM with your account's email address or username? We'll take a look backstage /FR https://t.co/ldFdZRiNAt
I have student premium and it won’t let me access Hulu. Talked to a Hulu rep and the issue seems to be on yalls end- help!,Family_Student_Plan,Family_Student_Plan,True,1.0,"@569739 Hey Victoria, that's not cool. Can you send us your account's email address or username via DM? We'll take a look backstage /JE https://t.co/ldFdZR1cbT"
can't login for some reason. It let me reset my password to the same thing 3 times in a row. All login info was triple checked,Login_Issue,Login_Issue,True,1.0,"@352555 Hey Brandon! Help's arrived. Are you getting any specific errors? If so, a screenshot will be really handy /CP"
account was hacked and resolved but all my playlists are gone.,Account_Security,Account_Security,True,1.0,@806233 Hey there! Can you DM us your account's email address and username? We'll take a look backstage /KL https://t.co/ldFdZRiNAt
Feature Request: ability to switch to a new playlist after the current song (instead of stopping it and switching immediately) on,Feature_Request,Feature_Request,True,1.0,@412200 Hey Alan! We can see how that’d be useful. You can vote for the official idea here: https://t.co/lJtXqDZyWF 🙂 /BP
"Thanks for the reply, But is this saying can't shuffle at all now? lol I'm doing it on my current playlist.",Playback_Issue,Playback_Issue,True,1.0000000000000002,"@471351 Hmm. Can you let us know what device, operating system, and Spotify version you're using? We'll see what we can suggest /NS"
"I got a new Phone, and now the app says I am aboard and can't log in anymore while I have never left the US. Please help!",Login_Issue,Login_Issue,True,1.0000000000000002,@448197 Hi Stefano! Help's here. Can you DM us your account's email address? We'll take a look backstage /AU https://t.co/ldFdZRiNAt
